Time (sec),Position (ft),Velocity (ft/s),Acceleration (ft/s^2),Force (lbf),Mass (lbm),Density (slugs/ft^3)
0.0,2401.0,0.0,0.0,223.0,14.0,0.0022135216712047172
0.1,2401.0,0.0,512.422142857143,223.0,13.91,0.002213461816135498
0.2,2401.0,51.2422142857143,512.422142857143,223.09,13.82,0.002213461816135498
0.30000000000000004,2406.124221428571,102.4844285714286,512.62895,222.9847298263572,13.730000000000002,0.002213461816135498
0.4,2416.372664285714,153.7473235714286,512.3870541795651,222.4889193054288,13.640000000000002,0.00221315511175099
0.5,2431.747396642857,204.98602898938512,511.24775243254606,221.60233913475793,13.550000000000002,0.0022125417343548336
0.6,2452.2459995417953,256.11080423263974,509.2105178546545,220.32645262376073,13.460000000000004,0.0022116216230618204
0.7,2477.8570799650593,307.0318560181052,506.2787129218845,218.66612116223607,13.370000000000005,0.002210395017289688
0.7999999999999999,2508.56026556687,357.65972731029365,502.46350841350966,216.62924514549178,13.280000000000005,0.002208862725386926
0.8999999999999999,2544.326238297899,407.90607815164464,497.78305830931936,214.22670645234317,13.190000000000007,0.002207026124851045
0.9999999999999999,2585.1168461130637,457.6843839825766,492.26236761227716,211.4722510511612,13.100000000000007,0.0022048871600592666
1.0999999999999999,2630.8852845113215,506.9106207438043,485.93302259398973,208.38232473401837,13.010000000000007,0.0022024483351639193
1.2,2681.576346585702,555.5039230032033,478.8328133352408,204.9758632854103,12.920000000000009,0.002199712702646305
1.3,2737.1267388860224,603.3872043367275,471.0052515636893,201.2740417589895,12.830000000000009,0.0021966838476105894
1.4000000000000001,2797.465459319695,650.4877294930964,462.49899452762094,197.29998862326832,12.74000000000001,0.0021933658679841655
1.5000000000000002,2862.514232269005,696.7376289458584,453.3671881436102,193.07847154271508,12.650000000000011,0.0021897633508579212
1.6000000000000003,2932.1879951635906,742.0743477602194,443.66674496636745,188.63556229970916,12.560000000000011,0.002185881345265034
1.7000000000000004,3006.3954299396123,786.4410222568562,433.4575742272603,183.99828882478042,12.470000000000013,0.002181725331755449
1.8000000000000005,3085.0395321652977,829.7867796795822,422.80178224951334,179.19428246965475,12.380000000000013,0.002177301189173628
1.9000000000000006,3168.0182101332557,872.0669579045335,411.7628619320567,174.25142852955577,12.290000000000013,0.002172615159087999
2.0000000000000004,3255.2249059237092,913.2432440977392,400.4048896997007,169.19752761278806,12.200000000000015,0.002167673808350626
2.1000000000000005,3346.549230333483,953.2837330677092,388.79174737881374,164.05997479572127,12.110000000000015,0.002162483990284455
2.2000000000000006,3441.877603640254,992.1629078055906,376.986384941311,158.86546263049246,12.020000000000016,0.002157052805002612
2.3000000000000007,3541.0938944208133,1029.8615462997218,365.0501380587816,153.63971304031142,11.930000000000017,0.002151387559359945
2.400000000000001,3644.0800490507854,1066.3665601056,353.04211203620133,-88.592758002343,11.930000000000017,0.002145495727021805
2.500000000000001,3750.7167050613452,1101.67077130922,-203.5735017810982,-93.89884031008135,11.930000000000017,0.0021393849091098914
2.600000000000001,3860.883782192267,1081.3134211311103,-215.76612091252267,-99.16699231067835,11.930000000000017,0.002133062795851104
2.700000000000001,3969.015124305378,1059.7368090398581,-227.87158161675163,-95.7243872015005,11.930000000000017,0.0021265371296141735
2.800000000000001,4074.988805209364,1036.949650878183,-219.96096687659082,-92.1674485603811,11.930000000000017,0.0021201378121520112
2.9000000000000012,4178.6837702971825,1014.953554190524,-211.78763001339001,-88.52272702433802,11.930000000000017,0.0021138718012965437
3.0000000000000013,4280.179125716235,993.774791189185,-203.4125805980682,-85.09090756331965,11.930000000000017,0.0021077459752742375
3.1000000000000014,4379.556604835154,973.4335331293781,-195.52674973657093,-81.86624683657368,11.930000000000017,0.0021017553764223194
3.2000000000000015,4476.899958148092,953.8808581557211,-188.1169400523268,-78.84182483487211,11.930000000000017,0.0020958949074872425
3.3000000000000016,4572.288043963664,935.0691641504884,-181.16725035270258,-76.00164455386,11.930000000000017,0.002090159368311775
3.4000000000000017,4665.794960378713,916.9524391152181,-174.6409218069769,-73.33093342381707,11.930000000000017,0.002084543862951308
3.5000000000000018,4757.490204290235,899.4883469345205,-168.50400916029966,-70.8160955840855,11.930000000000017,0.00207904379067701
3.600000000000002,4847.439038983687,882.6379460184905,-162.72527106714506,-68.44488146458197,11.930000000000017,0.0020736548354313993
3.700000000000002,4935.702833585537,866.365418911776,-157.27655976540015,-66.20624063517258,11.930000000000017,0.0020683729430923635
3.800000000000002,5022.339375476714,850.637762935236,-152.13248294525013,-64.09019034151807,11.930000000000017,0.002063194300500776
3.900000000000002,5107.403151770238,835.424514640711,-147.27010166333116,-62.08769246608104,11.930000000000017,0.0020581153161771015
4.000000000000002,5190.945603234309,820.6975044743779,-142.66864761670195,-60.190546564119146,11.930000000000017,0.0020531326029452207
4.100000000000001,5273.015353681746,806.4306397127077,-138.30927735483664,-58.391296715441925,11.930000000000017,0.002048242962254463
4.200000000000001,5353.658417653017,792.599711977224,-134.17485823826905,-56.68315040311313,11.930000000000017,0.002043443370013329
4.300000000000001,5432.91838885074,779.1822261533971,-130.24978203343926,-55.0599076663718,11.930000000000017,0.0020387309637609303
4.4,5510.836611466079,766.1572479500531,-126.51980211622721,-53.5158990555754,11.930000000000017,0.002034103031024937
4.5,5587.452336261084,753.5052677384305,-122.97189090127577,-52.04593114606362,11.930000000000017,0.0020295569987343
4.6,5662.802863034927,741.2080786483028,-119.59411464063335,-50.64523856370434,11.930000000000017,0.0020250904235720375
4.699999999999999,5736.923670899758,729.2486671842395,-116.37552318531205,-49.309441636888536,11.930000000000017,0.00202070098316787
4.799999999999999,5809.848537618182,717.6111148657083,-113.30605267562174,-48.03450892428192,11.930000000000017,0.0020163864680429076
4.899999999999999,5881.609649104752,706.2805095981461,-110.3764394352964,-46.81672397963773,11.930000000000017,0.0020121447742293052
4.999999999999998,5952.2377000645665,695.2428656546165,-107.57814360178185,-45.6526558085434,11.930000000000017,0.002007973896496964
5.099999999999998,6021.761986630028,684.4850512944383,-104.9032812400601,-44.539132550416596,11.930000000000017,0.0020038719221273375
5.1999999999999975,6090.2104917594725,673.9947231704323,-102.34456386763586,-43.47321798505431,11.930000000000017,0.001999837025181281
5.299999999999997,6157.609964076516,663.7602667836687,-99.89524446994267,-42.45219051872838,11.930000000000017,0.0019958674612138797
5.399999999999997,6223.985990754883,653.7707423366744,-97.54906921339229,-41.473524351968436,11.930000000000017,0.0019919615623943945
5.4999999999999964,6289.36306498855,644.0158354153351,-95.30023417163034,-40.53487257120785,11.930000000000017,0.001988117732994059
5.599999999999996,6353.764648530084,634.485811998172,-93.14334647255404,-39.634051940563445,11.930000000000017,0.0019843344452084182
5.699999999999996,6417.213229729901,625.1714773509167,-91.07338935199472,-38.7690291991356,11.930000000000017,0.0019806102352844415
5.799999999999995,6479.730377464993,616.0641384157173,-89.08569066687089,-37.93790869414836,11.930000000000017,0.0019769436999257026
5.899999999999995,6541.336791306564,607.1555693490302,-87.17589447791092,-37.13892120165424,11.930000000000017,0.0019733334929516637
5.999999999999995,6602.052348241467,598.4379799012391,-85.33993536122979,-36.37041380495116,11.930000000000017,0.0019697783221894966
6.099999999999994,6661.896146231591,589.9039863651161,-83.57401515037706,-35.630840716754186,11.930000000000017,0.001966276946579002
6.199999999999994,6720.886544868103,581.5465848500784,-81.87458184699874,-34.91875494490972,11.930000000000017,0.0019628281734730925
6.299999999999994,6779.04120335311,573.3591266653785,-80.23831046983899,-34.23280071335458,11.930000000000017,0.0019594308561179724
6.399999999999993,6836.377116019648,565.3352956183946,-78.66208563918691,-33.57170656037082,11.930000000000017,0.0019560838912986572
6.499999999999993,6892.910645581488,557.469087054476,-77.1429857176521,-32.934279045196845,11.930000000000017,0.0019527862171368085
6.5999999999999925,6948.657554286936,549.7547884827108,-75.6782683488559,-32.31939700191313,11.930000000000017,0.00194953681102905
6.699999999999992,7003.633033135207,542.1869616478251,-74.26535725368183,-31.726006286389826,11.930000000000017,0.0019463346877150113
6.799999999999992,7057.8517292999895,534.760425922457,-72.90183015951149,-31.153114968098482,11.930000000000017,0.0019431788974652957
6.8999999999999915,7111.327771892235,527.4702429065059,-71.58540775169487,-30.59978892386726,11.930000000000017,0.001940068524380442
6.999999999999991,7164.074796182886,520.3117021313363,-70.31394354862927,-30.06514779529793,11.930000000000017,0.0019370026847927106
7.099999999999991,7216.1059663960195,513.2803077764734,-69.08541461248103,-29.548361275647427,11.930000000000017,0.0019339805257632403
7.19999999999999,7267.433997173667,506.3717663152253,-67.89791301696984,-29.048645695579346,11.930000000000017,0.001931001223667743
7.29999999999999,7318.07117380519,499.5819750135283,-66.7496380019134,-28.565260880374183,11.930000000000017,0.001928063982864474
7.39999999999999,7368.029371306542,492.90701121333694,-65.63888875154554,-28.097507254003677,11.930000000000017,0.0019251680344387363
7.499999999999989,7417.320072427876,486.3431223381824,-64.56405774009274,-27.644723167972003,11.930000000000017,0.001922312635018639
7.599999999999989,7465.954384661694,479.8867165641731,-63.523624593832814,-27.206282435042738,11.930000000000017,0.0019194970656572618
7.699999999999989,7513.943056318111,473.5343541047898,-62.51615042395178,-26.781592049941395,11.930000000000017,0.0019167206307767518
7.799999999999988,7561.29649172859,467.2827390623946,-61.54027258904391,-26.370090080878107,11.930000000000017,0.0019139826571702412
7.899999999999988,7608.024765634829,461.12871180349026,-60.59469985013205,-25.97124371729933,11.930000000000017,0.0019112824930577832
7.999999999999988,7654.137636815179,455.06924181847705,-59.67820788467996,-25.58454746067462,11.930000000000017,0.0019086195071928039
8.099999999999987,7699.644560997026,449.1014210300091,-58.78963512927876,-25.20952144637355,11.930000000000017,0.0019059930880158213
8.199999999999987,7744.554703100027,443.2224575170812,-57.927878923559796,-24.845709885805917,11.930000000000017,0.001903402642852444
8.299999999999986,7788.8769488517355,437.4296696247252,-57.09189193045546,-24.492679619000995,11.930000000000017,0.0019008475971528558
8.399999999999986,7832.619915814208,431.7204804316797,-56.280678810233006,-24.150018768701273,11.930000000000017,0.0018983273937702295
8.499999999999986,7875.791963857376,426.0924125506564,-55.49329312779429,-23.817335487854645,11.930000000000017,0.0018958414922756724
8.599999999999985,7918.401205112442,420.54308323787694,-54.728834474591714,-23.49425679311671,11.930000000000017,0.0018933893683074853
8.699999999999985,7960.45551343623,415.07019979041775,-53.98644578818318,-23.180427477629998,11.930000000000017,0.0018909705129526826
8.799999999999985,8001.9625334152715,409.6715552115994,-53.26531085395408,-22.87550909693823,11.930000000000017,0.0018885844321588495
8.899999999999984,8042.929688936431,404.345024126204,-52.56465197489307,-22.579179022427112,11.930000000000017,0.0018862306461745635
8.999999999999984,8083.364191349052,399.0885589287147,-51.8837277965343,-22.29112955716569,11.930000000000017,0.0018839086890167045
9.099999999999984,8123.273047241923,393.90018614906126,-51.221831275287165,-22.011067109458565,11.930000000000017,0.0018816181079631246
9.199999999999983,8162.663065856829,388.7780030215325,-50.57828777937729,-21.73871141981473,11.930000000000017,0.0018793584630692156
9.299999999999983,8201.540866158983,383.7201742435948,-49.952453312531425,-21.473794837397033,11.930000000000017,0.0018771293267070388
9.399999999999983,8239.912883583342,378.7249289123416,-49.343712851361616,-21.21606164234169,11.930000000000017,0.00187493028312575
9.499999999999982,8277.785376474576,373.7905576272055,-48.7514787881523,-20.96526741063284,11.930000000000017,0.0018727609280321516
9.599999999999982,8315.164432237296,368.91540974839023,-48.17518947143275,-20.72117841848587,11.930000000000017,0.0018706208681902575
9.699999999999982,8352.055973212135,364.09789080124693,-47.61430783733503,-20.483571083437816,11.930000000000017,0.0018685097210388523
9.799999999999981,8388.465762292259,359.33646001751345,-47.068320125299614,-20.252231439566238,11.930000000000017,0.0018664271143260748
9.89999999999998,8424.39940829401,354.6296280049835,-46.53673467220328,-20.026954644461007,11.930000000000017,0.0018643726857601182
9.99999999999998,8459.862371094508,349.9759545377632,-46.01908077945076,-19.807544515759158,11.930000000000017,0.0018623460826752013
10.09999999999998,8494.859966548285,345.3740464598181,-45.514907647998015,-19.593813095222373,11.930000000000017,0.0018603469617120142
10.19999999999998,8529.397371194267,340.8225556950183,-45.023783376664554,-19.385580238491546,11.930000000000017,0.001858374988511891
10.29999999999998,8563.479626763768,336.32017735735184,-44.54529401944808,-19.182673228794936,11.930000000000017,0.001856429837424002
10.399999999999979,8597.111644499504,331.86564795540704,-44.079042697880936,-18.984926413015906,11.930000000000017,0.0018545111912249127
10.499999999999979,8630.298209295044,327.45774368561894,-43.62464876476584,-18.792180858645704,11.930000000000017,0.0018526187408498813
10.599999999999978,8663.043983663607,323.09527880914237,-43.18174701590231,-18.604284030255563,11.930000000000017,0.001850752185135313
10.699999999999978,8695.353511544521,318.77710410755213,-42.74998694666582,-18.421089484222932,11.930000000000017,0.0018489112305718214
10.799999999999978,8727.231221955277,314.50210541288556,-42.32903205053227,-18.242456580538505,11.930000000000017,0.0018470955910673726
10.899999999999977,8758.681432496565,310.26920220783234,-41.9185591568517,-18.06825021060557,11.930000000000017,0.0018453049877200306
10.999999999999977,8789.708352717349,306.0773462921472,-41.518257805370084,-17.898340540021,11.930000000000017,0.0018435391485998375
11.099999999999977,8820.316087346564,301.92552051161016,-41.12782965517683,-17.732602765398973,11.930000000000017,0.001841797808539394
11.199999999999976,8850.508639397725,297.8127375460925,-40.74698792592036,-17.570916884364593,11.930000000000017,0.001840080708932728
11.299999999999976,8880.289913152335,293.73803875350046,-40.37545686928636,-17.41316747790554,11.930000000000017,0.0018383875975420674
11.399999999999975,8909.663717027686,289.7004930665718,-40.012971268872946,-17.259243504326065,11.930000000000017,0.0018367182283121448
11.499999999999975,8938.633766334344,285.6991959396845,-39.6592759667264,-17.109038104099668,11.930000000000017,0.0018350723611916908
11.599999999999975,8967.203685928313,281.73326834301184,-39.314125414920454,-16.9624484149646,11.930000000000017,0.0018334497619617875
11.699999999999974,8995.377012762614,277.8018558015198,-38.97728325067224,-16.819375396650848,11.930000000000017,0.0018318502020707676
11.799999999999974,9023.157198342766,273.9041274764526,-38.648521893589844,-16.67972366466814,11.930000000000017,0.001830273458475372
11.899999999999974,9050.547611090411,270.0392752870936,-38.327622163741005,-16.543401332622615,11.930000000000017,0.0018287193134878795
11.999999999999973,9077.55153861912,266.2065130707195,-38.01437291931926,-16.41031986256491,11.930000000000017,0.0018271875546289557
12.099999999999973,9104.172189926192,262.4050757787876,-37.70857071276523,-16.28039392290499,11.930000000000017,0.0018256779744859537
12.199999999999973,9130.41269750407,258.6342187075111,-37.41001946427526,-16.15354125345939,11.930000000000017,0.0018241903705764507
12.299999999999972,9156.276119374821,254.89321676108355,-37.11853015169919,-16.029682537224488,11.930000000000017,0.0018227245452167773
12.399999999999972,9181.76544105093,251.18136374591364,-36.8339205158937,-15.908741278495548,11.930000000000017,0.0018212803053953355
12.499999999999972,9206.88357742552,247.49797169432426,-36.55601478065727,-15.790643686975486,11.930000000000017,0.001819857462650502
12.599999999999971,9231.633374594952,243.84237021625853,-36.28464338642867,-15.675318567539716,11.930000000000017,0.0018184558329529172
12.69999999999997,9256.017611616579,240.21390587761567,-36.019642736982334,-15.562697215344485,11.930000000000017,0.0018170752365919886
12.79999999999997,9280.03900220434,236.61194160391744,-35.7608549584023,-15.452713315985502,11.930000000000017,0.0018157154980664222
12.89999999999997,9303.70019636473,233.0358561080772,-35.50812766966097,-15.345302850431784,11.930000000000017,0.0018143764459786263
12.99999999999997,9327.003781975538,229.48504334111112,-35.26131376417075,-15.240404004476632,11.930000000000017,0.0018130579129328234
13.09999999999997,9349.95228630965,225.95891196469404,-35.02027120171523,-15.137957082463242,11.930000000000017,0.0018117597354367243
13.199999999999969,9372.54817750612,222.4568848445225,-34.78486281020304,-15.037904425057281,11.930000000000017,0.0018104817538066218
13.299999999999969,9394.793865990572,218.9783985635022,-34.554956096720915,-14.940190330852374,11.930000000000017,0.0018092238120757651
13.399999999999968,9416.691705846923,215.5229029538301,-34.33042306739435,-14.84476098160726,11.930000000000017,0.0018079857579058882
13.499999999999968,9438.243996142306,212.0898606470907,-34.11114005559326,-14.75156437092529,11.930000000000017,0.0018067674425017704
13.599999999999968,9459.452982207014,208.67874664153138,-33.89698755804762,-14.660550236198185,11.930000000000017,0.0018055687205287072
13.699999999999967,9480.320856871167,205.2890478857266,-33.687850078463974,-14.571669993646271,11.930000000000017,0.0018043894500327825
13.799999999999967,9500.84976165974,201.92026287788022,-33.483615978257184,-14.484876676297308,11.930000000000017,0.0018032294923638363
13.899999999999967,9521.041787947528,198.5719012800545,-33.2841773340346,-14.400124874755033,11.930000000000017,0.0018020887121010225
13.999999999999966,9540.898978075533,195.24348354665105,-33.089429801490674,-14.317370680617207,11.930000000000017,0.0018009669769808625
14.099999999999966,9560.423326430198,191.934540566502,-32.89927248538969,-14.23657163241085,11.930000000000017,0.0017998641578277023
14.199999999999966,9579.61678048685,188.64461331796304,-32.71360781533265,-14.157686663919941,11.930000000000017,0.0017987801284864793
14.299999999999965,9598.481241818645,185.37325253642976,-32.532341427021755,-14.080676054787844,11.930000000000017,0.0017977147657577224
14.399999999999965,9617.018567072288,182.12001839372758,-32.355382048751785,-14.005501383283331,11.930000000000017,0.0017966679493346977
14.499999999999964,9635.23056891166,178.8844801888524,-32.1826413928732,-13.932125481125283,11.930000000000017,0.0017956395617426248
14.599999999999964,9653.119016930545,175.66621604956507,-32.01403405198574,-13.860512390266914,11.930000000000017,0.0017946294882798905
14.699999999999964,9670.6856385355,172.4648126443665,-31.84947739963476,-13.790627321545879,11.930000000000017,0.0017936376169611899
14.799999999999963,9687.932119799938,169.27986490440304,-31.688891495295067,-13.722436615111716,11.930000000000017,0.0017926638384625243
14.899999999999963,9704.860106290378,166.11097575487352,-31.532198993438854,-13.655907702546902,11.930000000000017,0.001791708046067995
14.999999999999963,9721.471203865865,162.95775585552963,-31.379325056495276,-13.591009070602334,11.930000000000017,0.0017907701356183296
15.099999999999962,9737.766979451419,159.8198233498801,-31.230197271519796,-13.527710226472315,11.930000000000017,0.0017898500054610799
15.199999999999962,9753.748961786407,156.6968036227281,-31.08474557040103,-13.465981664538138,11.930000000000017,0.0017889475564024405
15.299999999999962,9769.41864214868,153.58832906568801,-30.94290215344228,-13.40579483451312,11.930000000000017,0.0017880626916606244
15.399999999999961,9784.777475055249,150.4940388503438,-30.804601416163365,-13.347122110925538,11.930000000000017,0.0017871953168207566
15.499999999999961,9799.826878940283,147.41357870872747,-30.669779879176755,-13.289936763879208,11.930000000000017,0.001786345339791222
15.59999999999996,9814.568236811156,144.3466007208098,-30.538376120999583,-13.234212931034696,11.930000000000017,0.0017855126707614325
15.69999999999996,9829.002896883236,141.29276310870983,-30.410330713670444,-13.179925590757023,11.930000000000017,0.0017846972221609598
15.79999999999996,9843.132173194106,138.25173003734278,-30.285586161046677,-13.127050536378656,11.930000000000017,0.001783898908619992
15.89999999999996,9856.95734619784,135.2231714212381,-30.164086839664385,-13.075564351529128,11.930000000000017,0.0017831176469310765
15.99999999999996,9870.479663339964,132.20676273727167,-30.045778942049434,-13.025444386485198,11.930000000000017,0.0017823533560121009
16.09999999999996,9883.700339613692,129.20218484306673,-29.93061042237349,-12.976668735497825,11.930000000000017,0.0017816059568704831
16.19999999999996,9896.620558097999,126.20912380082939,-29.818530944354645,-12.929216215054417,11.930000000000017,0.0017808753725685252
16.29999999999996,9909.241470478082,123.22727070639392,-29.709491831307187,-12.883066343037019,11.930000000000017,0.0017801615281899023
16.399999999999963,9921.564197548721,120.25632152326321,-29.603446018250064,-12.838199318739003,11.930000000000017,0.0017794643508072488
16.499999999999964,9933.589829701048,117.29597692143821,-29.500348005988126,-12.794596003704807,11.930000000000017,0.0017787837694508107
16.599999999999966,9945.319427393191,114.3459421208394,-29.40015381708455,-12.75223790335899,11.930000000000017,0.0017781197150781322
16.699999999999967,9956.754021605275,111.40592673913095,-29.302820953647053,-12.711107149392626,11.930000000000017,0.0017774721205447515
16.79999999999997,9967.894614279188,108.47564464376624,-29.208308356854346,-12.671186482876607,11.930000000000017,0.0017768409205758669
16.89999999999997,9978.742178743565,105.55481380808081,-29.11657636815289,-12.632459238073,11.930000000000017,0.0017762260517389583
16.99999999999997,9989.297660124374,102.64315617126552,-29.027586692057746,-12.594909326917033,11.930000000000017,0.0017756274524173285
17.099999999999973,9999.5619757415,99.74039750205974,-28.94130236049436,-12.558521224143616,11.930000000000017,0.0017750450627845428
17.199999999999974,10009.536015491707,96.8462672660103,-28.85768769862144,-12.523279953033677,11.930000000000017,0.001774478824779743
17.299999999999976,10019.220642218308,93.96049849614816,-28.7767082920781,-12.489171071756749,11.930000000000017,0.0017739286820838127
17.399999999999977,10028.616692067922,91.08282766694035,-28.698330955601048,-12.456180660287481,11.930000000000017,0.001773394580096368
17.49999999999998,10037.724974834617,88.21299457138024,-28.622523702960592,-12.424295307874827,11.930000000000017,0.00177287646591356
17.59999999999998,10046.546274291755,85.35074220108417,-28.54925571816666,-12.393502101043714,11.930000000000017,0.00177237428830666
17.69999999999998,10055.081348511863,82.49581662926751,-28.478497327898307,-12.36378861211005,11.930000000000017,0.0017718879977014145
17.799999999999983,10063.33093017479,79.64796689647768,-28.41021997511288,-12.33514288819083,11.930000000000017,0.0017714175461581482
17.899999999999984,10071.295726864439,76.80694489896639,-28.34439619379279,-12.307553440692079,11.930000000000017,0.0017709628873525975
17.999999999999986,10078.976421354335,73.97250527958711,-28.2809995847903,-12.281009235258143,11.930000000000017,0.0017705239765574564
18.099999999999987,10086.373671882293,71.14440532110808,-28.220004792732464,-12.255499682166814,11.930000000000017,0.0017701007706246244
18.19999999999999,10093.488112414403,68.32240484183484,-28.16138748395046,-12.231014627155421,11.930000000000017,0.001769693227968127
18.29999999999999,10100.320352898587,65.50626609343979,-28.10512432539928,-12.20754434266386,11.930000000000017,0.001769301308547714
18.39999999999999,10106.87097950793,62.69575366089986,-28.05119296453546,-12.18507951948125,11.930000000000017,0.0017689249738530998
18.499999999999993,10113.14055487402,59.89063436444631,-27.99957201012227,-12.163611258783568,11.930000000000017,0.001768564186888848
18.599999999999994,10119.129618310464,57.09067716343409,-27.950241013933386,-12.143131064550296,11.930000000000017,0.0017682189121598793
18.699999999999996,10124.838686026807,54.29565306204075,-27.903180453327362,-12.123630836348733,11.930000000000017,0.0017678891156575924
18.799999999999997,10130.268251333011,51.50533501670801,-27.858371714667054,-12.105102862475247,11.930000000000017,0.0017675747648465859
18.9,10135.418784834681,48.71949784524131,-27.815797077559196,-12.08753981344332,11.930000000000017,0.0017672758286519715
19.0,10140.290734619206,45.93791813748539,-27.77543969989083,-12.070934735808759,11.930000000000017,0.0017669922774472611
19.1,10144.884526432954,43.16037416749631,-27.73728360364056,-12.055281046323062,11.930000000000017,0.0017667240830428277
19.200000000000003,10149.200563849703,40.386645807132254,-27.70131366144378,-12.040572526406356,11.930000000000017,0.0017664712186749218
19.300000000000004,10153.239228430417,37.61651444098788,-27.66751558389232,-12.026803316931888,11.930000000000017,0.001766233658995239
19.400000000000006,10157.000879874515,34.84976288259865,-27.63587590754992,-12.013967913314461,11.930000000000017,0.001766011380061026
19.500000000000007,10160.485856162775,32.08617529184365,-27.60638198366616,-12.002061160895762,11.930000000000017,0.0017658043593257195
19.60000000000001,10163.69447369196,29.325537093477035,-27.579021967572622,-11.991078250619857,11.930000000000017,0.0017656125756301128
19.70000000000001,10166.627027401308,26.567634896719774,-27.553784808745775,-11.981014714992666,11.930000000000017,0.0017654360091940333
19.80000000000001,10169.28379089098,23.812256415845198,-27.530660241522437,-11.971866424319572,11.930000000000017,0.0017652746416085363
19.900000000000013,10171.665016532565,21.059190391692955,-27.50963877645433,-11.963629583215761,11.930000000000017,0.0017651284558285955
20.000000000000014,10173.770935571734,18.308226514047522,-27.490711692289363,-11.95630072738426,11.930000000000017,0.0017649974361662977
20.100000000000016,10175.60175822314,15.559155344818585,-27.473871028567977,-11.949876720657054,11.930000000000017,0.001764881568284523
20.200000000000017,10177.157673757622,12.811768241961786,-27.459109578824105,-11.944354752294965,11.930000000000017,0.0017647808391911156
20.30000000000002,10178.438850581817,10.065857284079376,-27.446420884380647,-11.939732334542425,11.930000000000017,0.0017646952372335344
20.40000000000002,10179.445436310225,7.321215195641312,-27.435799228730705,-11.936007300433563,11.930000000000017,0.0017646247520939767
20.50000000000002,10180.17755782979,4.577635272768241,-27.427239632496267,-11.933177801846382,11.930000000000017,0.0017645693747849816
20.600000000000023,10180.635321357066,1.8349113095186138,-27.42073784895701,-11.931242307802165,11.930000000000017,0.0017645290976454956
20.700000000000024,10180.818812488018,-0.9071624753770875,-27.41629036014255,-11.930199603007551,11.930000000000017,0.0017645039143374059
20.800000000000026,10180.72809624048,-3.6487915113913427,-27.413894373482353,-11.929951213362976,11.930000000000017,0.0017644938198425367
20.900000000000027,10180.363217089342,-6.390180948739578,-27.413323609563356,-11.929210728645879,11.930000000000017,0.0017644988104601037
21.00000000000003,10179.724198994467,-9.131513309695915,-27.411622081466998,-11.927579217430734,11.930000000000017,0.0017645188838046257
21.10000000000003,10178.811047663497,-11.872675517842616,-27.407873101767624,-11.925056666341515,11.930000000000017,0.0017645540388042907
21.20000000000003,10177.623780111713,-14.61346282801938,-27.40207663972904,-11.921643195127889,11.930000000000017,0.0017646042755764288
21.300000000000033,10176.162433828911,-17.353670491992283,-27.39423297051887,-11.91733918371469,11.930000000000017,0.0017646695938012458
21.400000000000034,10174.427066779712,-20.09309378904417,-27.384342967150115,-11.912145232559173,11.930000000000017,0.0017647499922173618
21.500000000000036,10172.417757400808,-22.83152808575918,-27.372408009387758,-11.906062162586156,11.930000000000017,0.001764845468621554
21.600000000000037,10170.134604592233,-25.568768886697956,-27.358429983599763,-11.899091014975266,11.930000000000017,0.0017649560198685801
21.70000000000004,10167.577727703563,-28.304611885057934,-27.342411282268166,-11.891233050850747,11.930000000000017,0.0017650816418712536
21.80000000000004,10164.747266515058,-31.03885301328475,-27.324354803276325,-11.882489750864055,11.930000000000017,0.0017652223296007136
21.90000000000004,10161.64338121373,-33.77128849361238,-27.304263948949764,-11.872862814669412,11.930000000000017,0.001765378077086891
22.000000000000043,10158.266252364368,-36.50171488850736,-27.282142624851073,-11.862354160292638,11.930000000000017,0.0017655488774191723
22.100000000000044,10154.616080875518,-39.22992915099247,-27.257995238329585,-11.850965923393579,11.930000000000017,0.00176573472274726
22.200000000000045,10150.693087960419,-41.95572867482543,-27.231826696826534,-11.838700456422611,11.930000000000017,0.001765935604282231
22.300000000000047,10146.497515092937,-44.67891134450808,-27.203642405936815,-11.825560327671711,11.930000000000017,0.0017661515122977896
22.40000000000005,10142.029623958486,-47.39927558510176,-27.173448267228498,-11.811548320220753,11.930000000000017,0.0017663824361317175
22.50000000000005,10137.289696399976,-50.11662041182461,-27.141250675821546,-11.79666743077967,11.930000000000017,0.0017666283641875212
22.60000000000005,10132.278034358793,-52.830745479406765,-27.10705651772729,-11.780920868427303,11.930000000000017,0.0017668892839362718
22.700000000000053,10126.994959810852,-55.54145113117949,-27.070873166950456,-11.764312053247782,11.930000000000017,0.0017671651819186444
22.800000000000054,10121.440814697735,-58.24853844787454,-27.032708482355797,-11.746844614865362,11.930000000000017,0.0017674560437471462
22.900000000000055,10115.615960852947,-60.95180929611012,-26.992570804301337,-11.728522390878764,11.930000000000017,0.0017677618541085448
23.000000000000057,10109.520779923336,-63.65106637654026,-26.950468951040705,-11.709349425196093,11.930000000000017,0.001768082596766483
23.10000000000006,10103.155673285682,-66.34611327164433,-26.906412214897024,-11.689329966271517,11.930000000000017,0.0017684182545642908
23.20000000000006,10096.521061958518,-69.03675449313403,-26.860410358211052,-11.668468465244962,11.930000000000017,0.0017687688094279866
23.30000000000006,10089.617386509204,-71.72279552895513,-26.81247360906646,-11.646769573986157,11.930000000000017,0.0017691342423694694
23.400000000000063,10082.44510695631,-74.40404288986178,-26.762612656795337,-11.624238143044405,11.930000000000017,0.001769514533489898
23.500000000000064,10075.004702667324,-77.08030415554131,-26.71083864726704,-11.600879219505591,11.930000000000017,0.001769909661983261
23.600000000000065,10067.29667225177,-79.75138802026802,-26.657163177963923,-11.576698044757931,11.930000000000017,0.0017703196061401335
23.700000000000067,10059.321533449744,-82.41710433806442,-26.601598292847335,-11.551700052168101,11.930000000000017,0.0017707443433516185
23.800000000000068,10051.079823015938,-85.07726416734916,-26.544156477017705,-11.525890864669428,11.930000000000017,0.0017711838501134707
23.90000000000007,10042.572096599202,-87.73167981505092,-26.484850651172536,-11.499276292263872,11.930000000000017,0.0017716381020304068
24.00000000000007,10033.798928617698,-90.38016488016818,-26.42369416586634,-11.47186232943962,11.930000000000017,0.0017721070738205946
24.100000000000072,10024.760912129681,-93.02253429675481,-26.360700795576616,-11.443655152506164,11.930000000000017,0.0017725907393203212
24.200000000000074,10015.458658700005,-95.65860437631247,-26.295884732580237,-11.414661116848794,11.930000000000017,0.0017730890714888433
24.300000000000075,10005.892798262374,-98.28819284957049,-26.229260580644695,-11.384886754104492,11.930000000000017,0.0017736020424134065
24.400000000000077,9996.063978977416,-100.91111890763496,-26.160843348538684,-11.354338769261279,11.930000000000017,0.0017741296233144458
24.500000000000078,9985.972867086652,-103.52720324248882,-26.090648443366813,-11.3230240376831,11.930000000000017,0.0017746717845509568
24.60000000000008,9975.620146762403,-106.13626808682551,-26.01869166373324,-11.29094960206242,11.930000000000017,0.0017752284956260335
24.70000000000008,9965.00651995372,-108.73813725319883,-25.94498919273915,-11.258122669302718,11.930000000000017,0.001775799725192581
24.800000000000082,9954.1327062284,-111.33263617247275,-25.869557590819177,-11.224550607333102,11.930000000000017,0.0017763854410591904
24.900000000000084,9942.999442611153,-113.91959193155466,-25.79241378842185,-11.190240941857384,11.930000000000017,0.0017769856101961788
25.000000000000085,9931.607483417998,-116.49883331039685,-25.713575078539435,-11.155201353039905,11.930000000000017,0.001777600198741793
25.100000000000087,9919.957600086958,-119.0701908182508,-25.63305910909241,-11.119439672130502,11.930000000000017,0.0017782291720085705
25.200000000000088,9908.050581005133,-121.63349672916003,-25.550883875174165,-11.082963878031023,11.930000000000017,0.0017788724944898607
25.30000000000009,9895.887231332217,-124.18858511667744,-25.467067711161288,-11.045782093805824,11.930000000000017,0.0017795301298664992
25.40000000000009,9883.46837282055,-126.73529188779358,-25.381629282695243,-11.007902583138735,11.930000000000017,0.0017802020410136359
25.500000000000092,9870.79484363177,-129.2734548160631,-25.294587578540938,-10.96933374673899,11.930000000000017,0.0017808881900077136
25.600000000000094,9857.867498150163,-131.80291357391718,-25.205961902328095,-10.930084118698666,11.930000000000017,0.0017815885381335926
25.700000000000095,9844.68720679277,-134.32350976415,-25.115771864181152,-10.890162362804165,11.930000000000017,0.0017823030458918208
25.800000000000097,9831.254855816356,-136.83508695056813,-25.024037372243573,-10.849577268804332,11.930000000000017,0.001783031673006048
25.900000000000098,9817.5713471213,-139.3374906877925,-24.930778624102526,-10.808337748637806,11.930000000000017,0.0017837743784305771
26.0000000000001,9803.63759805252,-141.83056855020274,-24.836016098119874,-10.766452832622202,11.930000000000017,0.001784531120358055
26.1000000000001,9789.454541197501,-144.31417016001473,-24.739770544675448,-10.723931665607767,11.930000000000017,0.0017853018562272922
26.200000000000102,9775.0231241815,-146.78814721448228,-24.642062977328706,-10.680783503098132,11.930000000000017,0.001786086542731222
26.300000000000104,9760.344309460052,-149.25235351221514,-24.54291466390478,-10.637017707340814,11.930000000000017,0.0017868851358249795
26.400000000000105,9745.41907410883,-151.70664497860562,-24.442347117511,-10.592643743390122,11.930000000000017,0.0017876975907341096
26.500000000000107,9730.24840961097,-154.15087969035673,-24.340382087490017,-10.547671175145112,11.930000000000017,0.0017885238619628993
26.600000000000108,9714.833321641934,-156.58491789910573,-24.237041550315592,-10.502109661365251,11.930000000000017,0.0017893639033028244
26.70000000000011,9699.174829852023,-159.0086220541373,-24.132347700437155,-10.455968951666446,11.930000000000017,0.001790217667841117
26.80000000000011,9683.27396764661,-161.42185682418102,-24.026322941079254,-10.409258882500078,11.930000000000017,0.001791085107969442
26.900000000000112,9667.131781964192,-163.82448911828894,-23.918989875001966,-10.3619893731177,11.930000000000017,0.0017919661753926872
27.000000000000114,9650.749333052363,-166.21638810578912,-23.810371295228315,-10.314170421524006,11.930000000000017,0.0017928608211378566
27.100000000000115,9634.127694241784,-168.59742523531196,-23.700490175744807,-10.265812100420714,11.930000000000017,0.0017937689955630702
27.200000000000117,9617.267951718253,-170.96747425288643,-23.589369662181028,-10.216924553143958,11.930000000000017,0.0017946906483666625
27.300000000000118,9600.171204292965,-173.32641121910453,-23.47703306247437,-10.16751798959778,11.930000000000017,0.0017956257285963785
27.40000000000012,9582.838563171055,-175.67411452535197,-23.36350383752576,-10.11760268218629,11.930000000000017,0.0017965741846586623
27.50000000000012,9565.27115171852,-178.01046490910454,-23.248805591852353,-10.067188961747052,11.930000000000017,0.001797535964328038
27.600000000000122,9547.470105227609,-180.33534546828977,-23.13296206424305,-10.016287213488205,11.930000000000017,0.0017985110147565775
27.700000000000124,9529.43657068078,-182.64864167471407,-23.015997118422543,-9.964907872931835,11.930000000000017,0.001799499282483449
27.800000000000125,9511.171706513309,-184.9502413865563,-22.897934733729798,-9.913061421866065,11.930000000000017,0.0018005007134445504
27.900000000000126,9492.676682374653,-187.2400348599293,-22.778798995816523,-9.860758384308284,11.930000000000017,0.0018015152529822162
28.000000000000128,9473.95267888866,-189.51791475951094,-22.65861408737125,-9.808009322481963,11.930000000000017,0.0018025428458550007
28.10000000000013,9455.000887412709,-191.78377616824807,-22.53740427887463,-9.754824832809406,11.930000000000017,0.0018035834362475282
28.20000000000013,9435.822509795884,-194.03751659613553,-22.41519391939133,-9.701215541922767,11.930000000000017,0.0018046369677804123
28.300000000000132,9416.418758136271,-196.27903598807467,-22.292007427403963,-9.647192102695666,11.930000000000017,0.00180570338352024
28.400000000000134,9396.790854537463,-198.50823673081507,-22.167869281694255,-9.59276519029764,11.930000000000017,0.0018067826259896109
28.500000000000135,9376.940030864382,-200.7250236589845,-22.042804012276793,-9.537945498273654,11.930000000000017,0.0018078746371772377
28.600000000000136,9356.867528498484,-202.9293040602122,-21.91683619139025,-9.48274373465086,11.930000000000017,0.001808979358548097
28.700000000000138,9336.574598092462,-205.1209876793512,-21.7899904245513,-9.427170618074726,11.930000000000017,0.001810096731053632
28.80000000000014,9316.062499324527,-207.29998672180633,-21.662291341675996,-9.371236873976617,11.930000000000017,0.001811226695141998
28.90000000000014,9295.332500652346,-209.46621585597393,-21.533763588273413,-9.314953230774886,11.930000000000017,0.0018123691907683543
29.000000000000142,9274.38587906675,-211.61959221480126,-21.404431816716293,-9.258330416111445,11.930000000000017,0.0018135241574051936
29.100000000000144,9253.22391984527,-213.7600353964729,-21.274320677593227,-9.201379153125764,11.930000000000017,0.0018146915340527072
29.200000000000145,9231.847916305622,-215.8874674642322,-21.143454811146846,-9.1441101567682,11.930000000000017,0.0018158712592491837
29.300000000000146,9210.259169559198,-218.0018129453469,-21.011858838802357,-9.086534130154448,11.930000000000017,0.001817063271081436
29.400000000000148,9188.458988264663,-220.10299882922715,-20.879557354790613,-9.028661760962958,11.930000000000017,0.0018182675071952553
29.50000000000015,9166.44868838174,-222.1909545647062,-20.746574917869886,-8.97050371787699,11.930000000000017,0.0018194839048058856
29.60000000000015,9144.22959292527,-224.26561205649318,-20.6129360431502,-8.912070647073012,11.930000000000017,0.0018207124007085188
29.700000000000152,9121.80303171962,-226.3269056608082,-20.478665194024202,-8.853373168757035,11.930000000000017,0.001821952931288805
29.800000000000153,9099.17034115354,-228.3747721802106,-20.34378677420813,-8.794421873750466,11.930000000000017,0.0018232054325333755
29.900000000000155,9076.332863935519,-230.40915085763143,-20.208325119896607,-8.735227320126945,11.930000000000017,0.0018244698400403745
30.000000000000156,9053.291948849755,-232.42998336962108,-20.07230449203456,-8.67580002990166,11.930000000000017,0.0018257460890299972
30.100000000000158,9030.048950512793,-234.43721381882455,-19.935749068709747,-8.616150485774448,11.930000000000017,0.0018270341143550289
30.20000000000016,9006.605229130912,-236.43078872569552,-19.798682937668858,-8.556289127928071,11.930000000000017,0.001828333850511387
30.30000000000016,8982.962150258341,-238.4106570194624,-19.661130088960434,-8.496226350882912,11.930000000000017,0.0018296452316486542
30.400000000000162,8959.121084556395,-240.37677002835844,-19.52311440770738,-8.435972500409251,11.930000000000017,0.0018309681915806104
30.500000000000163,8935.083407553559,-242.32908146912916,-19.38465966701183,-8.375537870498334,11.930000000000017,0.0018323026637957495
30.600000000000165,8910.850499406646,-244.26754743583035,-19.245789520995103,-8.31493270039325,11.930000000000017,0.0018336485814677858
30.700000000000166,8886.423744663063,-246.19212638792987,-19.106527497975062,-8.25416717168068,11.930000000000017,0.0018350058774661436
30.800000000000168,8861.80453202427,-248.10277913772737,-18.96689699378339,-8.193251405444459,11.930000000000017,0.001836374484366427
30.90000000000017,8836.994254110497,-249.9994688371057,-18.826921265224875,-8.132195459481842,11.930000000000017,0.0018377543344608688
31.00000000000017,8811.994307226787,-251.8821609636282,-18.68662342368078,-8.071009325583333,11.930000000000017,0.001839145359768751
31.100000000000172,8786.806091130424,-253.75082330599628,-18.546026428858273,-8.009702926876827,11.930000000000017,0.0018405474920468023
31.200000000000173,8761.431008799824,-255.6054259488821,-18.405153082687683,-7.948286115236815,11.930000000000017,0.0018419606627995582
31.300000000000175,8735.870466204935,-257.4459412571509,-18.26402602336917,-7.886768668759272,11.930000000000017,0.0018433848032896934
31.400000000000176,8710.12587207922,-259.2723438594878,-18.122667719570416,-7.825160289302847,11.930000000000017,0.0018448198445483127
31.500000000000178,8684.198637693271,-261.0846106314449,-17.981100464776613,-7.763470600096894,11.930000000000017,0.0018462657173852054
31.60000000000018,8658.090176630127,-262.8827206779226,-17.83934637179408,-7.701709143416811,11.930000000000017,0.001847722352399056
31.70000000000018,8631.801904562335,-264.666655315102,-17.697427367408487,-7.639885378327114,11.930000000000017,0.0018491896799876114
31.800000000000182,8605.335239030825,-266.43639805184284,-17.555365187198806,-7.578008678492602,11.930000000000017,0.0018506676303577981
31.900000000000183,8578.69159922564,-268.19193457056275,-17.413181370507644,-7.516088330057937,11.930000000000017,0.0018521561335357937
32.000000000000185,8551.872405768583,-269.9332527076135,-17.270897255568848,-7.454133529595864,11.930000000000017,0.00185365511937704
32.100000000000186,8524.879080497822,-271.6603424331704,-17.128533974792784,-7.392153382124285,11.930000000000017,0.0018551645175762083
32.20000000000019,8497.713046254505,-273.37319583064965,-16.986112450209877,-7.330156899192311,11.930000000000017,0.0018566842576770996
32.30000000000019,8470.37572667144,-275.0718070756706,-16.84365338907262,-7.268152997035394,11.930000000000017,0.0018582142690824906
32.40000000000019,8442.868545963873,-276.75617241457786,-16.70117727961633,-7.206150494799549,11.930000000000017,0.001859754481063915
32.50000000000019,8415.192928722416,-278.4262901425395,-16.55870438697868,-7.144158112834673,11.930000000000017,0.0018613048227713804
32.60000000000019,8387.350299708161,-280.08216058123736,-16.41625474927796,-7.082184471056864,11.930000000000017,0.0018628652232430204
32.700000000000195,8359.342083650037,-281.7237860561652,-16.273848173849952,-7.020238087379636,11.930000000000017,0.0018644356114146758
32.800000000000196,8331.16970504442,-283.3511708735502,-16.131504233643064,-6.958327376213853,11.930000000000017,0.001866015916129404
32.9000000000002,8302.834587957064,-284.9643212969145,-15.989242263771404,-6.896460647036169,11.930000000000017,0.0018676060661469193
33.0000000000002,8274.338155827372,-286.56324552329164,-15.847081358225255,-6.834646103025698,11.930000000000017,0.0018692059901529534
33.1000000000002,8245.681831275044,-288.1479536591142,-15.705040366738338,-6.772891839768613,11.930000000000017,0.001870815616768543
33.2000000000002,8216.867035909132,-289.718457695788,-15.563137891811165,-6.711205844030316,11.930000000000017,0.001872434874559235
33.3000000000002,8187.895190139553,-291.2747714849691,-15.421392285889665,-6.649595992594782,11.930000000000017,0.001874063692044214
33.400000000000205,8158.767712991056,-292.81691071355806,-15.279821648698155,-6.588070051170616,11.930000000000017,0.0018757019977053452
33.500000000000206,8129.486021919701,-294.34489287842786,-15.138443824725625,-6.52663567336339,11.930000000000017,0.0018773497199961323
33.60000000000021,8100.051532631858,-295.8587372609004,-14.997276400864305,-6.465300399713665,11.930000000000017,0.0018790067873505924
33.70000000000021,8070.465658905769,-297.3584649009868,-14.856336704199187,-6.40407165680022,11.930000000000017,0.0018806731281920414
33.80000000000021,8040.72981241567,-298.84409857140673,-14.715641799947363,-6.3429567564077995,11.930000000000017,0.0018823486709417885
33.90000000000021,8010.845402558529,-300.3156627514015,-14.575208489545638,-6.2819628947588475,11.930000000000017,0.0018840333440277445
34.00000000000021,7980.813836283389,-301.77318360035605,-14.435053308885152,-6.221097151808463,11.930000000000017,0.0018857270758929326
34.100000000000215,7950.6365179233535,-303.21668893124456,-14.295192526691306,-6.16036649060194,11.930000000000017,0.0018874297950039094
34.200000000000216,7920.314849030229,-304.6462081839137,-14.155642143047459,-6.0997777566941345,11.930000000000017,0.001889141429859091
34.30000000000022,7889.850228211838,-306.06177239821847,-14.016417888060737,-6.039337677629884,11.930000000000017,0.0018908619089969792
34.40000000000022,7859.244050972016,-307.4634141870245,-13.877535220668099,-5.979052862484722,11.930000000000017,0.0018925911610042944
34.50000000000022,7828.497709553314,-308.8511677090913,-13.739009327580966,-5.918929801465024,11.930000000000017,0.0018943291145240078
34.60000000000022,7797.612592782405,-310.2250686418494,-13.600855122366417,-5.858974865566748,11.930000000000017,0.0018960756982632735
34.70000000000022,7766.59008591822,-311.58515415408607,-13.463087244663022,-5.799194306291936,11.930000000000017,0.0018978308410012624
34.800000000000225,7735.431570502811,-312.9314628785524,-13.325720059529399,-5.739594255422005,11.930000000000017,0.001899594471596889
34.900000000000226,7704.138424214956,-314.26403488450535,-13.188767656923279,-5.680180724846975,11.930000000000017,0.0019013665189964416
35.00000000000023,7672.712020726505,-315.5829116501977,-13.052243851309086,-5.620959606449659,11.930000000000017,0.0019031469122411041
35.10000000000023,7641.153729561485,-316.88813603532856,-12.916162181391826,-5.561936672043843,11.930000000000017,0.0019049355804743766
35.20000000000023,7609.464915957952,-318.17975225346777,-12.78053590997503,-5.50311757336551,11.930000000000017,0.0019067324529493863
35.30000000000023,7577.646940732606,-319.45780584446527,-12.645378023940605,-5.444507842116085,11.930000000000017,0.0019085374590360965
35.40000000000023,7545.701160148159,-320.7223436468593,-12.510701234348177,-5.386112890056695,11.930000000000017,0.0019103505282284077
35.500000000000234,7513.628925783473,-321.97341377029414,-12.376517976651707,-5.327938009152386,11.930000000000017,0.0019121715901511496
35.600000000000236,7481.431584406444,-323.21106556795934,-12.242840411030876,-5.2699883717653195,11.930000000000017,0.0019140005745669655
35.70000000000024,7449.110477849648,-324.4353496090624,-12.109680422835025,-5.212269030895824,11.930000000000017,0.001915837411383091
35.80000000000024,7416.666942888742,-325.64631765134595,-11.977049623137047,-5.154784920470266,11.930000000000017,0.0019176820306580189
35.90000000000024,7384.102311123607,-326.84402261365966,-11.84495934939489,-5.097540855674668,11.930000000000017,0.0019195343626080572
36.00000000000024,7351.417908862241,-328.02851854859915,-11.71342066621815,-5.040541533332978,11.930000000000017,0.0019213943376137784
36.10000000000024,7318.615057007381,-329.199860615221,-11.58244436623728,-4.983791532328872,11.930000000000017,0.0019232618862263554
36.200000000000244,7285.69507094586,-330.3581050518447,-11.452040971072844,-4.927295314070059,11.930000000000017,0.0019251369391737893
36.300000000000246,7252.659260440675,-331.503309148952,-11.322220732402414,-4.871057222993897,11.930000000000017,0.001927019427367026
36.40000000000025,7219.50892952578,-332.63553122219224,-11.192993633122406,-4.8150814871132575,11.930000000000017,0.0019289092819059588
36.50000000000025,7186.245376403561,-333.75483058550446,-11.064369388602394,-4.759372218601543,11.930000000000017,0.0019308064340853267
36.60000000000025,7152.8698933450105,-334.8612675243647,-10.936357448029403,-4.703933414415663,11.930000000000017,0.001932710815400492
36.70000000000025,7119.383766592574,-335.95490326916763,-10.80896699583942,-4.648768956955949,11.930000000000017,0.0019346223575531162
36.80000000000025,7085.788276265657,-337.0357999687516,-10.682206953233777,-4.59388261476181,11.930000000000017,0.001936540992456717
36.900000000000254,7052.084696268782,-338.10402066407494,-10.556085979777675,-4.539278043242059,11.930000000000017,0.001938466652242119
37.000000000000256,7018.274294202374,-339.1596292620527,-10.43061247507836,-4.4849587854387645,11.930000000000017,0.001940399269262789
37.10000000000026,6984.358331276169,-340.2026905095605,-10.305794580540361,-4.430928272823537,11.930000000000017,0.0019423387761000643
37.20000000000026,6950.338062225213,-341.23326996761455,-10.181640181195228,-4.377189826125125,11.930000000000017,0.0019442851055682664
37.30000000000026,6916.214735228452,-342.2514339857341,-10.058156907603236,-4.323746656187207,11.930000000000017,0.001946238190719707
37.40000000000026,6881.989591829879,-343.2572496764944,-9.935352137824461,-4.270601864855301,11.930000000000017,0.0019481979648495811
37.50000000000026,6847.663866862229,-344.2507848902768,-9.813232999456789,-4.217758445891691,11.930000000000017,0.00195016436150075
37.600000000000264,6813.238788373202,-345.2321081902225,-9.691806371738265,-4.165219285917239,11.930000000000017,0.0019521373144684166
37.700000000000266,6778.71557755418,-346.20128882739635,-9.571078887711256,-4.112987165379072,11.930000000000017,0.001954116757804687
37.80000000000027,6744.09544867144,-347.1583967161675,-9.451056936446053,-4.06106475954302,11.930000000000017,0.0019561026258230283
37.90000000000027,6709.379608999823,-348.1035024098121,-9.331746665321354,-4.009454639509739,11.930000000000017,0.0019580948531026108
38.00000000000027,6674.569258758842,-349.03667707634423,-9.213153982359167,-3.9581592732535036,11.930000000000017,0.0019600933744925485
38.10000000000027,6639.665591051207,-349.9579924745801,-9.095284558611802,-3.9071810266825704,11.930000000000017,0.0019620981251160267
38.20000000000027,6604.669791803749,-350.8675209304413,-8.97814383059845,-3.856522164720122,11.930000000000017,0.0019641090403743258
38.300000000000274,6569.583039710705,-351.7653353135011,-8.861737002789024,-3.806184852404737,11.930000000000017,0.0019661260559507335
38.400000000000276,6534.406506179354,-352.65150901378,-8.746069050132887,-3.7561711560094064,11.930000000000017,0.001968149107814357
38.50000000000028,6499.141355277977,-353.5261159187933,-8.631144720630187,-3.7064830441780376,11.930000000000017,0.0019701781322238256
38.60000000000028,6463.788743686097,-354.38923039085637,-8.516968537943391,-3.657122389078536,11.930000000000017,0.0019722130657308856
38.70000000000028,6428.349820647012,-355.2409272446507,-8.403544804046893,-3.6080909675714476,11.930000000000017,0.0019742538451838986
38.80000000000028,6392.825727922547,-356.0812817250554,-8.290877601912392,-3.559390462393168,11.930000000000017,0.001976300407731229
38.90000000000028,6357.217599750042,-356.91036948524663,-8.17897079822773,-3.5110224633528517,11.930000000000017,0.001978352690824532
39.000000000000284,6321.526562801517,-357.7282665650694,-8.067828046147232,-3.462988468542033,11.930000000000017,0.0019804106322219386
39.100000000000286,6285.7537361450095,-358.53504936968415,-7.957452788071229,-3.4152898855560494,11.930000000000017,0.001982474169991137
39.20000000000029,6249.900231208041,-359.3307946484913,-7.847848258452723,-3.3679280327263896,11.930000000000017,0.0019845432425123592
39.30000000000029,6213.967151743192,-360.1155794743366,-7.73901748662914,-3.3209041403630444,11.930000000000017,0.00198661778848126
39.40000000000029,6177.9555937957575,-360.8894812229995,-7.630963299677082,-3.2742193520060248,11.930000000000017,0.0019886977469117046
39.50000000000029,6141.866645673457,-361.6525775529672,-7.523688325288131,-3.2278747256851563,11.930000000000017,0.0019907830571384497
39.60000000000029,6105.70138791816,-362.40494638549603,-7.417194994663678,-3.1818712351873764,11.930000000000017,0.0019928736588197367
39.700000000000294,6069.460893279611,-363.1466658849624,-7.311485545426994,-3.1362097713306056,11.930000000000017,0.0019949694919397824
39.800000000000296,6033.146226691115,-363.8778144395051,-7.206562024550399,-3.090891143243498,11.930000000000017,0.001997070496811174
39.9000000000003,5996.758445247165,-364.5984706419601,-7.102426291295953,-3.045916079650228,11.930000000000017,0.001999176614077171
40.0000000000003,5960.298598182969,-365.3087132710897,-6.999080020167702,-3.0012852301595405,11.930000000000017,0.0020012877847139176
40.1000000000003,5923.76772685586,-366.0086212731065,-6.8965247038737445,-2.9569991665573294,11.930000000000017,0.0020034039500325547
40.2000000000003,5887.16686472855,-366.69827374349387,-6.794761656296378,-2.9130583841019835,11.930000000000017,0.002005525051681246
40.3000000000003,5850.4970373542,-367.3777499091235,-6.69379201546863,-2.8694633028218313,11.930000000000017,0.002007651031647111
40.400000000000304,5813.759262363288,-368.04712911067037,-6.593616746555594,-2.826214268813903,11.930000000000017,0.0020097818322580697
40.500000000000306,5776.954549452221,-368.7064907853259,-6.4942366448388045,-2.783311555543417,11.930000000000017,0.002011917396184599
40.60000000000031,5740.083900373688,-369.3559144498098,-6.395652338702266,-2.7407553651432295,11.930000000000017,0.002014057666441397
40.70000000000031,5703.148308928708,-369.99547968368,-6.297864292618407,-2.6985458297126996,11.930000000000017,0.0020162025863889703
40.80000000000031,5666.14876096034,-370.62526611294186,-6.200872810132682,-2.6566830126152396,11.930000000000017,0.0020183520997351253
40.90000000000031,5629.086234349046,-371.2453533939551,-6.104678036845162,-2.6151669097740076,11.930000000000017,0.002020506150536381
41.00000000000031,5591.961699009651,-371.8558211976396,-6.009279963387845,-2.573997450965125,11.930000000000017,0.002022664683199302
41.100000000000314,5554.776116889887,-372.4567491939784,-5.914678428396291,-2.5331745011077995,11.930000000000017,0.0020248276424817352
41.200000000000315,5517.530441970489,-373.048217036818,-5.820873121474137,-2.492697861550889,11.930000000000017,0.0020269949734939867
41.30000000000032,5480.225620266807,-373.6303043489654,-5.727863586149436,-2.4525672713552353,11.930000000000017,0.0020291666216998966
41.40000000000032,5442.862589831911,-374.2030907075804,-5.6356492228212804,-2.4127824085713616,11.930000000000017,0.0020313425329178533
41.50000000000032,5405.442280761153,-374.7666556298625,-5.544229291695765,-2.3733428915119195,11.930000000000017,0.0020335226533217178
41.60000000000032,5367.965615198166,-375.32107855903206,-5.453602915709889,-2.334248280018498,11.930000000000017,0.0020357069294416764
41.70000000000032,5330.433507342263,-375.86643885060306,-5.363769083442506,-2.2954980767222004,11.930000000000017,0.0020378953081650187
41.800000000000324,5292.846863457203,-376.4028157589473,-5.274726652010942,-2.25709172829764,11.930000000000017,0.0020400877367368394
41.900000000000325,5255.206581881308,-376.93028842414844,-5.186474349952506,-2.219028626709836,11.930000000000017,0.0020422841627606644
42.00000000000033,5217.513553038893,-377.4489358591437,-5.099010780089673,-2.1813081104536316,11.930000000000017,0.002044484534199014
42.10000000000033,5179.768659452979,-377.9588369371527,-5.012334422378095,-2.1439294657851686,11.930000000000017,0.002046688799373882
42.20000000000033,5141.972775759264,-378.4600703793905,-4.926443636736349,-2.1068919279451084,11.930000000000017,0.002048896906967156
42.30000000000033,5104.126768721325,-378.9527147430642,-4.8413366658567245,-2.070194682373117,11.930000000000017,0.0020511088060209647
42.40000000000033,5066.2314972470185,-379.4368484096498,-4.757011637995942,-2.0338368659133543,11.930000000000017,0.0020533244459379563
42.500000000000334,5028.2878124060535,-379.91254957344944,-4.6734665697451865,-1.9978175680105466,11.930000000000017,0.002055543776481514
42.600000000000335,4990.296557448709,-380.379896230424,-4.5906993687785205,-1.9621358318963313,11.930000000000017,0.002057766747775902
42.70000000000034,4952.258567825666,-380.8389661673018,-4.508707836578927,-1.9267906557656005,11.930000000000017,0.0020599933103063544
42.80000000000034,4914.174671208936,-381.2898369509597,-4.427489671141384,-1.8917809939424384,11.930000000000017,0.0020622234149190915
42.90000000000034,4876.04568751384,-381.7325859180738,-4.347042469652018,-1.8571057580355088,11.930000000000017,0.0020644570128212827
43.00000000000034,4837.872428922033,-382.16729016503905,-4.267363731143023,-1.8227638180824766,11.930000000000017,0.0020666940555809457
43.10000000000034,4799.655699905528,-382.59402653815334,-4.188450859122377,-1.7887540036833052,11.930000000000017,0.0020689344951267835
43.200000000000344,4761.396297251713,-383.01287162406555,-4.110301164177995,-1.7550751051221543,11.930000000000017,0.0020711782837479695
43.300000000000345,4723.095010089306,-383.42390174048336,-4.032911866555693,-1.7217258744775972,11.930000000000017,0.0020734253740938673
43.40000000000035,4684.752619915258,-383.8271929271389,-3.9562800987103075,-1.6887050267210508,11.930000000000017,0.002075675719173702
43.50000000000035,4646.369900622544,-384.22282093700994,-3.8804029078297293,-1.6560112408030925,11.930000000000017,0.002077929272356171
43.60000000000035,4607.947618528843,-384.6108612277929,-3.8052772583311065,-1.6236431607275517,11.930000000000017,0.0020801859873690034
43.70000000000035,4569.486532406064,-384.99138895362603,-3.730900034328953,-1.5915993966131836,11.930000000000017,0.002082445818298468
43.80000000000035,4530.987393510702,-385.3644789570589,-3.657268042074723,-1.5598785257427057,11.930000000000017,0.0020847087195888236
43.900000000000354,4492.450945614995,-385.7302057612664,-3.5843780123673463,-1.5284790935991541,11.930000000000017,0.002086974646041728
44.000000000000355,4453.877925038869,-386.08864356250314,-3.512226602934628,-1.4973996148892503,11.930000000000017,0.002089243552815589
44.10000000000036,4415.269060682618,-386.4398662227966,-3.440810400784799,-1.4666385745538477,11.930000000000017,0.0020915153954248716
44.20000000000036,4376.625074060338,-386.7839472628751,-3.3701259245283777,-1.4361944287651482,11.930000000000017,0.002093790129739358
44.30000000000036,4337.946679334051,-387.1209598553279,-3.3001696266696303,-1.4060656059106993,11.930000000000017,0.0020960677119833578
44.40000000000036,4299.234583348518,-387.45097681799484,-3.2309378958676573,-1.376250507564066,11.930000000000017,0.0020983480987348765
44.50000000000036,4260.489485666719,-387.7740706075816,-3.1624270591668577,-1.3467475094420003,11.930000000000017,0.0021006312469247406
44.600000000000364,4221.71207860596,-388.0903133134983,-3.094633384196368,-1.3175549623481349,11.930000000000017,0.002102917113835673
44.700000000000365,4182.903047274611,-388.39977665191793,-3.0275530813385356,-1.2886711931030987,11.930000000000017,0.002105205657101337
44.80000000000037,4144.063069609419,-388.7025319600518,-2.9611823058661924,-1.260094505460934,11.930000000000017,0.00210749683470533
44.90000000000037,4105.192816413413,-388.9986501906384,-2.8955171600484464,-1.2318231810118885,11.930000000000017,0.0021097906049801405
45.00000000000037,4066.2929513943495,-389.2882019066432,-2.8305536952251753,-1.2038554800714145,11.930000000000017,0.0021120869266060683
45.10000000000037,4027.3641312036852,-389.57125727616574,-2.7662879138498147,-1.1761896425554514,11.930000000000017,0.002114385758610103
45.20000000000037,3988.4070054760687,-389.84788606755075,-2.702715771500634,-1.148823888841882,11.930000000000017,0.002116687060364769
45.300000000000374,3949.4222168693136,-390.11815764470083,-2.639833178860239,-1.12175642061821,11.930000000000017,0.0021189907915869304
45.400000000000375,3910.4104011048435,-390.38214096258685,-2.577636003663416,-1.0949854217154424,11.930000000000017,0.0021212969123365656
45.50000000000038,3871.3721870085847,-390.6399045629532,-2.5161200726132704,-1.0685090589281359,11.930000000000017,0.0021236053830155054
45.60000000000038,3832.3081965522892,-390.8915165702145,-2.455281173265581,-1.042325482820658,11.930000000000017,0.0021259161643661364
45.70000000000038,3793.219044895268,-391.13704468754105,-2.3951150558814693,-1.0164328285196955,11.930000000000017,0.0021282292174700755
45.80000000000038,3754.105340426514,-391.3765561931292,-2.335617435248472,-0.9908292164929815,11.930000000000017,0.0021305445037468123
45.90000000000038,3714.967684807201,-391.61011793665404,-2.276783992469944,-0.9655127533142966,11.930000000000017,0.0021328619849523204
46.000000000000384,3675.8066730135356,-391.83779633590103,-2.218610376722923,-0.9404815324148039,11.930000000000017,0.0021351816231776365
46.100000000000385,3636.6228933799457,-392.0596573735733,-2.161092206984589,-0.9157336348207377,11.930000000000017,0.0021375033808474194
46.20000000000039,3597.4169276425882,-392.2757665942718,-2.1042250737273664,-0.8912671298774768,11.930000000000017,0.002139827220718473
46.30000000000039,3558.189350983161,-392.4861891016445,-2.048004540582745,-0.8670800759600983,11.930000000000017,0.0021421531058782458
46.40000000000039,3518.9407320729965,-392.6909895557028,-1.992426145974026,-0.8431705211704621,11.930000000000017,0.002144480999743305
46.50000000000039,3479.671633117426,-392.8902321703002,-1.9374854047181262,-0.8195365040208795,11.930000000000017,0.002146810866057786
46.60000000000039,3440.3826099003963,-393.083980710772,-1.8831778095965497,-0.7961760541044196,11.930000000000017,0.0021491426688918162
46.700000000000394,3401.074211829319,-393.27229849173165,-1.8294988328956558,-0.7730871927520013,11.930000000000017,0.002151476372639916
46.800000000000395,3361.746981980146,-393.4552483750212,-1.7764439279165631,-0.7502679336762696,11.930000000000017,0.0021538119420193786
46.9000000000004,3322.4014571426437,-393.63289276781285,-1.7240085304546855,-0.7277162836023852,11.930000000000017,0.0021561493420686247
47.0000000000004,3283.0381678658623,-393.8052936208583,-1.6721880602491952,-0.7054302428858392,11.930000000000017,0.0021584885381455443
47.1000000000004,3243.6576385037765,-393.9725124268832,-1.620977922402675,-0.6834078061173088,11.930000000000017,0.0021608294959258065
47.2000000000004,3204.260387261088,-394.1346102191235,-1.5703735087709876,-0.6616469627147534,11.930000000000017,0.002163172181401159
47.3000000000004,3164.8469262391754,-394.2916475700006,-1.5203701993238299,-0.6401456975027884,11.930000000000017,0.002165516560877709
47.400000000000404,3125.4177614821756,-394.44368458993296,-1.4709633634760502,-0.6189019912794347,11.930000000000017,0.002167862600974181
47.500000000000405,3085.9733930231823,-394.59078092628056,-1.4221483613899581,-0.5979138213704029,11.930000000000017,0.002170210268620161
47.600000000000406,3046.514314930554,-394.73299576241953,-1.3739205452489902,-0.5771791621710012,11.930000000000017,0.002172559531054324
47.70000000000041,3007.041015354312,-394.87038781694446,-1.3262752605029364,-0.556695985675761,11.930000000000017,0.002174910355822647
47.80000000000041,2967.5539765726176,-395.00301534299473,-1.279207847084945,-0.5364622619959256,11.930000000000017,0.0021772627107766035
47.90000000000041,2928.053675038318,-395.13093612770325,-1.2327136406006378,-0.5164759598649287,11.930000000000017,0.0021796165640713505
48.00000000000041,2888.5405814255478,-395.25420749176334,-1.1867879734896254,-0.49673504713193317,11.930000000000017,0.002181971884163892
48.10000000000041,2849.0151606763716,-395.3728862891123,-1.1414261761595923,-0.47723749124365966,11.930000000000017,0.0021843286398112415
48.200000000000415,2809.4778720474606,-395.48702890672826,-1.0966235780934666,-0.4579812597145043,11.930000000000017,0.0021866868000685615
48.300000000000416,2769.929169156788,-395.5966912645376,-1.052375508929686,-0.43896432058516766,11.930000000000017,0.0021890463342872997
48.40000000000042,2730.369500030334,-395.70192881543056,-1.0086772995160602,-0.42018464286991986,11.930000000000017,0.00219140721211331
48.50000000000042,2690.7993071487913,-395.8027965453822,-0.965524282937523,-0.4016401969925738,11.930000000000017,0.0021937694034849637
48.60000000000042,2651.219027494253,-395.89934897367596,-0.9229117955179358,-0.38332895521137367,11.930000000000017,0.002196132878631252
48.70000000000042,2611.6290925968856,-395.99164015322776,-0.8808351777964208,-0.36524889203290556,11.930000000000017,0.00219849760806988
48.80000000000042,2572.0299285815627,-396.0797236710074,-0.8392897754784695,-0.34739798461514404,11.930000000000017,0.0022008635626053507
48.900000000000425,2532.4219562144617,-396.1636526485552,-0.7982709403620846,-0.3297742131598227,11.930000000000017,0.0022032307133270433
49.000000000000426,2492.805590949606,-396.24347974259143,-0.7577740312393927,-0.31237556129422295,11.930000000000017,0.002205599031607281
49.10000000000043,2453.181242975347,-396.31925714571537,-0.7177944147739395,-0.29520001644257476,11.930000000000017,0.0022079684890993936
49.20000000000043,2413.5493172607753,-396.3910365871928,-0.6783274663541164,-0.2782455701871598,11.930000000000017,0.0022103390577357784
49.30000000000043,2373.910213602056,-396.4588693338282,-0.6393685709229237,-0.2615102186192644,11.930000000000017,0.0022127107097259474
